[
  {
    "value": "birthday",
    "synonyms": [
      "birthday",
      "bday"
    ]
  },
  {
    "value": "Driver\u0027s License Test",
    "synonyms": [
      "Driver\u0027s License Test",
      "DL test",
      "LL test",
      "DL"
    ]
  },
  {
    "value": "Wedding",
    "synonyms": [
      "Wedding",
      "Marriage",
      "Reception"
    ]
  },
  {
    "value": "meeting",
    "synonyms": [
      "meeting"
    ]
  },
  {
    "value": "countdown",
    "synonyms": [
      "countdown",
      "ticker",
      "timer"
    ]
  },
  {
    "value": "workout",
    "synonyms": [
      "workout",
      "workout session",
      "exercise session"
    ]
  },
  {
    "value": "Doctor\u0027s appointment",
    "synonyms": [
      "Doctor\u0027s appointment",
      "seeing a doctor",
      "consulting a doctor"
    ]
  }
]