[
  {
    "id": "2d55ad24-2f05-4347-999d-c6a34eab225a",
    "data": [
      {
        "text": "10 pm",
        "alias": "time",
        "meta": "@sys.time",
        "userDefined": false
      }
    ],
    "isTemplate": false,
    "count": 0,
    "updated": 0
  },
  {
    "id": "567e06f9-94f9-4e29-a857-5656d3b55fae",
    "data": [
      {
        "text": "6 am",
        "alias": "time",
        "meta": "@sys.time",
        "userDefined": false
      }
    ],
    "isTemplate": false,
    "count": 0,
    "updated": 0
  },
  {
    "id": "b153dba1-b07f-4cc5-bf22-53c5eff0ce2d",
    "data": [
      {
        "text": "3pm",
        "alias": "time",
        "meta": "@sys.time",
        "userDefined": false
      }
    ],
    "isTemplate": false,
    "count": 0,
    "updated": 0
  },
  {
    "id": "eab553c7-d715-44ec-836d-bacaf3ced9f2",
    "data": [
      {
        "text": "2am",
        "alias": "time",
        "meta": "@sys.time",
        "userDefined": false
      }
    ],
    "isTemplate": false,
    "count": 0,
    "updated": 0
  }
]