[
  {
    "id": "f79bf786-95ce-455c-a739-ae671c5b257d",
    "data": [
      {
        "text": "I\u0027d like to set an appointment ",
        "userDefined": false
      },
      {
        "text": "on",
        "meta": "@sys.ignore",
        "userDefined": true
      },
      {
        "text": " ",
        "userDefined": false
      },
      {
        "text": "Tuesday",
        "alias": "date",
        "meta": "@sys.date",
        "userDefined": false
      }
    ],
    "isTemplate": false,
    "count": 0,
    "updated": 0
  },
  {
    "id": "76d5d9e7-89ae-451d-ad39-0b506018ba29",
    "data": [
      {
        "text": "Set an appointment for ",
        "userDefined": false
      },
      {
        "text": "anniversary",
        "alias": "type",
        "meta": "@type",
        "userDefined": true
      },
      {
        "text": "  ",
        "userDefined": false
      },
      {
        "text": "Tomorrow",
        "alias": "date",
        "meta": "@sys.date",
        "userDefined": false
      }
    ],
    "isTemplate": false,
    "count": 0,
    "updated": 0
  },
  {
    "id": "85fbd45e-e0bd-414a-80f3-a5b63f16cec8",
    "data": [
      {
        "text": "Set an appointment on ",
        "userDefined": false
      },
      {
        "text": "Wednesday",
        "alias": "date",
        "meta": "@sys.date",
        "userDefined": false
      }
    ],
    "isTemplate": false,
    "count": 0,
    "updated": 0
  },
  {
    "id": "1f66ec87-3ff8-4e0c-bf8e-3957bb0c5f82",
    "data": [
      {
        "text": "I\u0027d like to set an appointment for ",
        "userDefined": false
      },
      {
        "text": "birthday",
        "alias": "type",
        "meta": "@type",
        "userDefined": true
      },
      {
        "text": " on ",
        "userDefined": false
      },
      {
        "text": "Tuesday",
        "alias": "date",
        "meta": "@sys.date",
        "userDefined": false
      }
    ],
    "isTemplate": false,
    "count": 0,
    "updated": 0
  },
  {
    "id": "f3fc9e03-288f-4fa1-9976-7439d6338254",
    "data": [
      {
        "text": "Schedule an appointment for the ",
        "userDefined": false
      },
      {
        "text": "countdown",
        "alias": "type",
        "meta": "@type",
        "userDefined": true
      },
      {
        "text": " at on ",
        "userDefined": false
      },
      {
        "text": "Thursday",
        "alias": "date",
        "meta": "@sys.date",
        "userDefined": false
      }
    ],
    "isTemplate": false,
    "count": 0,
    "updated": 0
  },
  {
    "id": "6d1318bb-1af3-4a27-aca2-3f703a53c581",
    "data": [
      {
        "text": "Birthday",
        "alias": "type",
        "meta": "@type",
        "userDefined": true
      },
      {
        "text": " appointment on ",
        "userDefined": false
      },
      {
        "text": "Monday",
        "alias": "date",
        "meta": "@sys.date",
        "userDefined": false
      }
    ],
    "isTemplate": false,
    "count": 0,
    "updated": 0
  },
  {
    "id": "33000577-ff3a-4e55-b344-a736cc488439",
    "data": [
      {
        "text": "Make an appointment for a ",
        "userDefined": false
      },
      {
        "text": "wedding",
        "alias": "type",
        "meta": "@type",
        "userDefined": true
      },
      {
        "text": " on ",
        "userDefined": false
      },
      {
        "text": "4th of March",
        "alias": "date",
        "meta": "@sys.date",
        "userDefined": false
      }
    ],
    "isTemplate": false,
    "count": 0,
    "updated": 0
  },
  {
    "id": "3a369937-79e9-4495-8ea4-af1599366805",
    "data": [
      {
        "text": "Mark my calendar for an appointment for ",
        "userDefined": false
      },
      {
        "text": "birthday",
        "alias": "type",
        "meta": "@type",
        "userDefined": true
      },
      {
        "text": " on ",
        "userDefined": false
      },
      {
        "text": "3rd of May",
        "alias": "date",
        "meta": "@sys.date",
        "userDefined": false
      }
    ],
    "isTemplate": false,
    "count": 0,
    "updated": 0
  },
  {
    "id": "2af098b4-f267-40e9-a26b-6b334c306697",
    "data": [
      {
        "text": "I have an appointment for a ",
        "userDefined": false
      },
      {
        "text": "meeting",
        "alias": "type",
        "meta": "@type",
        "userDefined": true
      },
      {
        "text": " on ",
        "userDefined": false
      },
      {
        "text": "tomorrow",
        "alias": "date",
        "meta": "@sys.date",
        "userDefined": false
      }
    ],
    "isTemplate": false,
    "count": 0,
    "updated": 0
  },
  {
    "id": "2cfaa91a-dc91-41a5-bde2-d1a22f318abe",
    "data": [
      {
        "text": "Create an appointment for me",
        "userDefined": false
      }
    ],
    "isTemplate": false,
    "count": 0,
    "updated": 0
  },
  {
    "id": "b48d3c2d-e8e3-4a21-9b44-d4844d08249a",
    "data": [
      {
        "text": "set an appointment",
        "userDefined": false
      }
    ],
    "isTemplate": false,
    "count": 0,
    "updated": 0
  },
  {
    "id": "f6f5cb1d-4450-4ee8-8ccb-e84f55c45ce0",
    "data": [
      {
        "text": "set an appointment for ",
        "userDefined": false
      },
      {
        "text": "tomorrow",
        "alias": "date",
        "meta": "@sys.date",
        "userDefined": false
      }
    ],
    "isTemplate": false,
    "count": 0,
    "updated": 0
  }
]