[
  {
    "id": "96b896b4-1147-40a1-8cbc-5d9cfcc5bdf5",
    "data": [
      {
        "text": "cancel ",
        "userDefined": false
      },
      {
        "text": "meeting",
        "alias": "type",
        "meta": "@type",
        "userDefined": true
      },
      {
        "text": " on ",
        "userDefined": false
      },
      {
        "text": "monday",
        "alias": "date",
        "meta": "@sys.date",
        "userDefined": true
      },
      {
        "text": " at ",
        "userDefined": false
      },
      {
        "text": "9am",
        "alias": "time",
        "meta": "@sys.time",
        "userDefined": true
      }
    ],
    "isTemplate": false,
    "count": 1,
    "updated": 0
  },
  {
    "id": "13a91911-c645-44c3-896a-737142dc222a",
    "data": [
      {
        "text": "delete an appointment on ",
        "userDefined": false
      },
      {
        "text": "Wednesday",
        "alias": "date",
        "meta": "@sys.date",
        "userDefined": true
      },
      {
        "text": "  at ",
        "userDefined": false
      },
      {
        "text": "2 pm",
        "alias": "time",
        "meta": "@sys.time",
        "userDefined": true
      }
    ],
    "isTemplate": false,
    "count": 0,
    "updated": 0
  },
  {
    "id": "c5996c2e-6715-4af5-85d9-787aeb6ad3a4",
    "data": [
      {
        "text": "delete an appointment for ",
        "userDefined": false
      },
      {
        "text": "anniversary",
        "alias": "type",
        "meta": "@type",
        "userDefined": true
      },
      {
        "text": " at ",
        "userDefined": false
      },
      {
        "text": "3 pm",
        "alias": "time",
        "meta": "@sys.time",
        "userDefined": true
      },
      {
        "text": " ",
        "userDefined": false
      },
      {
        "text": "Tomorrow",
        "alias": "date",
        "meta": "@sys.date",
        "userDefined": true
      }
    ],
    "isTemplate": false,
    "count": 0,
    "updated": 0
  },
  {
    "id": "818799a5-7ae6-4eab-aba5-eb77e75fbd76",
    "data": [
      {
        "text": "I\u0027d like to delete an appointment for ",
        "userDefined": false
      },
      {
        "text": "birthday",
        "alias": "type",
        "meta": "@type",
        "userDefined": true
      },
      {
        "text": " at ",
        "userDefined": false
      },
      {
        "text": "3 pm",
        "alias": "time",
        "meta": "@sys.time",
        "userDefined": true
      },
      {
        "text": " on ",
        "userDefined": false
      },
      {
        "text": "Tuesday",
        "alias": "date",
        "meta": "@sys.date",
        "userDefined": true
      }
    ],
    "isTemplate": false,
    "count": 0,
    "updated": 0
  },
  {
    "id": "184431ca-beb1-491c-9258-dbc715c41b0f",
    "data": [
      {
        "text": "Unschedule an appointment for the ",
        "userDefined": false
      },
      {
        "text": "countdown",
        "alias": "type",
        "meta": "@type",
        "userDefined": true
      },
      {
        "text": " at ",
        "userDefined": false
      },
      {
        "text": "9 am",
        "alias": "time",
        "meta": "@sys.time",
        "userDefined": true
      },
      {
        "text": " on ",
        "userDefined": false
      },
      {
        "text": "Thursday",
        "alias": "date",
        "meta": "@sys.date",
        "userDefined": true
      }
    ],
    "isTemplate": false,
    "count": 0,
    "updated": 0
  },
  {
    "id": "2c53e009-85dc-48ca-9187-da13a2d0b8b3",
    "data": [
      {
        "text": "Delete a ",
        "userDefined": false
      },
      {
        "text": "birthday",
        "alias": "type",
        "meta": "@type",
        "userDefined": true
      },
      {
        "text": " appointment on ",
        "userDefined": false
      },
      {
        "text": "Monday",
        "alias": "date",
        "meta": "@sys.date",
        "userDefined": true
      }
    ],
    "isTemplate": false,
    "count": 0,
    "updated": 0
  },
  {
    "id": "e7981c9a-3e86-4dc0-97cf-64720ef4155c",
    "data": [
      {
        "text": "Delete an appointment for a ",
        "userDefined": false
      },
      {
        "text": "wedding",
        "alias": "type",
        "meta": "@type",
        "userDefined": true
      },
      {
        "text": " on ",
        "userDefined": false
      },
      {
        "text": "4th of March",
        "alias": "date",
        "meta": "@sys.date",
        "userDefined": true
      }
    ],
    "isTemplate": false,
    "count": 0,
    "updated": 0
  },
  {
    "id": "565db3e9-c190-4933-b1c4-2fafb5b83c40",
    "data": [
      {
        "text": "Unmark my calendar for an appointment for ",
        "userDefined": false
      },
      {
        "text": "birthday",
        "alias": "type",
        "meta": "@type",
        "userDefined": true
      },
      {
        "text": " on ",
        "userDefined": false
      },
      {
        "text": "3rd of May",
        "alias": "date",
        "meta": "@sys.date",
        "userDefined": true
      }
    ],
    "isTemplate": false,
    "count": 0,
    "updated": 0
  },
  {
    "id": "959c20a3-10bb-4cd3-b90e-22e3a3c175f7",
    "data": [
      {
        "text": "Delete an appointment for a ",
        "userDefined": false
      },
      {
        "text": "meeting",
        "alias": "type",
        "meta": "@type",
        "userDefined": true
      },
      {
        "text": " on ",
        "userDefined": false
      },
      {
        "text": "tomorrow",
        "alias": "date",
        "meta": "@sys.date",
        "userDefined": true
      }
    ],
    "isTemplate": false,
    "count": 0,
    "updated": 0
  },
  {
    "id": "f027385d-e717-4f9c-812f-bbfd00258004",
    "data": [
      {
        "text": "I need to delete an appointment",
        "userDefined": false
      }
    ],
    "isTemplate": false,
    "count": 0,
    "updated": 0
  },
  {
    "id": "338f8644-ab38-4686-9311-eecabc831724",
    "data": [
      {
        "text": "Cancel appointment",
        "userDefined": false
      }
    ],
    "isTemplate": false,
    "count": 0,
    "updated": 0
  }
]