[
  {
    "id": "7127bbc3-436e-4d31-9ab0-13f4b06a72cd",
    "data": [
      {
        "text": "Do I have a schedule on ",
        "userDefined": false
      },
      {
        "text": "31st May",
        "alias": "date",
        "meta": "@sys.date",
        "userDefined": true
      }
    ],
    "isTemplate": false,
    "count": 0,
    "updated": 0
  },
  {
    "id": "0fc71ed9-6e38-483b-a0bf-2eb80bd9708e",
    "data": [
      {
        "text": "Do I have anything booked ",
        "userDefined": false
      },
      {
        "text": "tomorrow",
        "alias": "date",
        "meta": "@sys.date",
        "userDefined": true
      }
    ],
    "isTemplate": false,
    "count": 0,
    "updated": 0
  },
  {
    "id": "61fb15af-bd7d-4587-b9ec-918ebf3923bd",
    "data": [
      {
        "text": "Am I free on ",
        "userDefined": false
      },
      {
        "text": "April 21st",
        "alias": "date",
        "meta": "@sys.date",
        "userDefined": true
      }
    ],
    "isTemplate": false,
    "count": 0,
    "updated": 0
  },
  {
    "id": "7d8eb1d0-d8e3-413c-8625-2699d7bda571",
    "data": [
      {
        "text": "I want to know my schedule",
        "userDefined": false
      }
    ],
    "isTemplate": false,
    "count": 0,
    "updated": 0
  },
  {
    "id": "105f86be-35d8-4b87-803e-601c61396cfb",
    "data": [
      {
        "text": "What\u0027s my schedule like on ",
        "userDefined": false
      },
      {
        "text": "tomorrow",
        "alias": "date",
        "meta": "@sys.date",
        "userDefined": true
      },
      {
        "text": "?",
        "userDefined": false
      }
    ],
    "isTemplate": false,
    "count": 0,
    "updated": 0
  },
  {
    "id": "9fad4fdc-83b7-4ec8-bcb2-4047311a49dc",
    "data": [
      {
        "text": "Do I have an appointment on ",
        "userDefined": false
      },
      {
        "text": "30th of May",
        "alias": "date",
        "meta": "@sys.date",
        "userDefined": true
      }
    ],
    "isTemplate": false,
    "count": 0,
    "updated": 0
  },
  {
    "id": "8b26b33b-5716-4d5e-b5c2-fa0a8995b816",
    "data": [
      {
        "text": "what is my schedule on ",
        "userDefined": false
      },
      {
        "text": "28th april",
        "alias": "date",
        "meta": "@sys.date",
        "userDefined": false
      }
    ],
    "isTemplate": false,
    "count": 0,
    "updated": 0
  },
  {
    "id": "9d67ec30-5345-44da-976e-52b0f75cb5cb",
    "data": [
      {
        "text": "What is my schedule",
        "userDefined": false
      }
    ],
    "isTemplate": false,
    "count": 0,
    "updated": 0
  },
  {
    "id": "8adb2b39-d4d6-4edb-8e76-b6a0c675df2d",
    "data": [
      {
        "text": "What is my schedule ",
        "userDefined": false
      },
      {
        "text": "today",
        "alias": "date",
        "meta": "@sys.date",
        "userDefined": false
      }
    ],
    "isTemplate": false,
    "count": 0,
    "updated": 0
  }
]